-- phpMyAdmin SQL Dump
-- version 5.2.1
-- https://www.phpmyadmin.net/
--
-- Host: 127.0.0.1
-- Generation Time: Sep 02, 2025 at 05:14 AM
-- Server version: 10.4.32-MariaDB
-- PHP Version: 8.3.17

SET SQL_MODE = "NO_AUTO_VALUE_ON_ZERO";
START TRANSACTION;
SET time_zone = "+00:00";


/*!40101 SET @OLD_CHARACTER_SET_CLIENT=@@CHARACTER_SET_CLIENT */;
/*!40101 SET @OLD_CHARACTER_SET_RESULTS=@@CHARACTER_SET_RESULTS */;
/*!40101 SET @OLD_COLLATION_CONNECTION=@@COLLATION_CONNECTION */;
/*!40101 SET NAMES utf8mb4 */;

--
-- Database: `pelindo`
--

-- --------------------------------------------------------

--
-- Table structure for table `akun`
--

CREATE TABLE `akun` (
  `id` bigint(20) UNSIGNED NOT NULL,
  `email` varchar(255) NOT NULL,
  `password` varchar(255) NOT NULL,
  `created_at` timestamp NULL DEFAULT NULL,
  `updated_at` timestamp NULL DEFAULT NULL
) ENGINE=InnoDB DEFAULT CHARSET=utf8mb4 COLLATE=utf8mb4_unicode_ci;

--
-- Dumping data for table `akun`
--

INSERT INTO `akun` (`id`, `email`, `password`, `created_at`, `updated_at`) VALUES
(1, 'admin@spmt.com', '$2y$12$YkysIo1a4f20/SDlOuSFNOoxSPZRyNclAj5tZjjlBBxu5ACCOLHHC', '2025-07-13 05:43:15', '2025-07-13 05:43:15');

-- --------------------------------------------------------

--
-- Table structure for table `cache`
--

CREATE TABLE `cache` (
  `key` varchar(255) NOT NULL,
  `value` mediumtext NOT NULL,
  `expiration` int(11) NOT NULL
) ENGINE=InnoDB DEFAULT CHARSET=utf8mb4 COLLATE=utf8mb4_unicode_ci;

-- --------------------------------------------------------

--
-- Table structure for table `cache_locks`
--

CREATE TABLE `cache_locks` (
  `key` varchar(255) NOT NULL,
  `owner` varchar(255) NOT NULL,
  `expiration` int(11) NOT NULL
) ENGINE=InnoDB DEFAULT CHARSET=utf8mb4 COLLATE=utf8mb4_unicode_ci;

-- --------------------------------------------------------

--
-- Table structure for table `commodities_cc`
--

CREATE TABLE `commodities_cc` (
  `id` bigint(20) UNSIGNED NOT NULL,
  `name` varchar(500) NOT NULL
) ENGINE=InnoDB DEFAULT CHARSET=utf8mb4 COLLATE=utf8mb4_unicode_ci;

--
-- Dumping data for table `commodities_cc`
--

INSERT INTO `commodities_cc` (`id`, `name`) VALUES
(1, 'CRUDE GLYCERINE (CG)\r'),
(2, 'CRUDE PALM KERNEL OIL (CPKO)\r'),
(3, 'CRUDE PALM OIL (CPO)\r'),
(4, 'DISTILLATE PALM KERNEL FATTY ACID (DPKFA)\r'),
(5, 'FATTY MATTER\r'),
(6, 'INDUSTRIAL GRADE PALM OIL (IGPO)\r'),
(7, 'LAURID ACID\r'),
(8, 'LAURID ACID (LA)\r'),
(9, 'MIXED OIL\r'),
(10, 'PALM ACID OIL (PAO)\r'),
(11, 'PALM FATTY ACID DISTILLATE (PFAD)\r'),
(12, 'PALM METHYL ESTER/PAME (BIODISEL)\r'),
(13, 'PALM OIL MILL EFFLUEN (POME)\r'),
(14, 'PALMATA\r'),
(15, 'PALMITIC ACID (PA)\r'),
(16, 'RBD PALM KERNEL OIL (RBDPKO)\r'),
(17, 'RBD PALM OIL (RPO)\r'),
(18, 'RBD PALM OLEIN (ROL)\r'),
(19, 'RBD PALM STEARIN (RPS)\r'),
(20, 'SLUDGE OIL (SO)\r'),
(21, 'SPENT BLEACHING EARTH OILS (SBEO)\r'),
(22, 'SPLIT PALM KERNEL FATTY ACID (SPKFA)\r'),
(23, 'STEARIC ACID\r'),
(24, 'STEARIC ACID (SA)\r');

-- --------------------------------------------------------

--
-- Table structure for table `commodity_productions_cc`
--

CREATE TABLE `commodity_productions_cc` (
  `id` bigint(20) UNSIGNED NOT NULL,
  `commodity_id` bigint(20) UNSIGNED NOT NULL,
  `bulan` tinyint(4) NOT NULL,
  `tahun` year(4) NOT NULL,
  `produksi` int(11) DEFAULT NULL
) ENGINE=InnoDB DEFAULT CHARSET=utf8mb4 COLLATE=utf8mb4_unicode_ci;

--
-- Dumping data for table `commodity_productions_cc`
--

INSERT INTO `commodity_productions_cc` (`id`, `commodity_id`, `bulan`, `tahun`, `produksi`) VALUES
(1, 3, 1, '2024', 86918),
(2, 18, 1, '2024', 54950),
(3, 17, 1, '2024', 25000),
(4, 19, 1, '2024', 19450),
(5, 10, 1, '2024', 11400),
(6, 13, 1, '2024', 41700),
(7, 2, 1, '2024', 7295),
(8, 22, 1, '2024', 600),
(9, 4, 1, '2024', 10000),
(10, 16, 1, '2024', NULL),
(11, 11, 1, '2024', 5500),
(12, 1, 1, '2024', 2200),
(13, 15, 1, '2024', NULL),
(14, 8, 1, '2024', NULL),
(15, 21, 1, '2024', NULL),
(16, 12, 1, '2024', NULL),
(17, 14, 1, '2024', NULL),
(18, 24, 1, '2024', NULL),
(19, 20, 1, '2024', NULL),
(20, 3, 2, '2024', 81740),
(21, 18, 2, '2024', 52300),
(22, 17, 2, '2024', 21465),
(23, 19, 2, '2024', 14163),
(24, 10, 2, '2024', 16655),
(25, 13, 2, '2024', 28975),
(26, 2, 2, '2024', 16547),
(27, 22, 2, '2024', NULL),
(28, 4, 2, '2024', 11600),
(29, 16, 2, '2024', NULL),
(30, 11, 2, '2024', 4000),
(31, 1, 2, '2024', 2000),
(32, 15, 2, '2024', NULL),
(33, 8, 2, '2024', NULL),
(34, 21, 2, '2024', NULL),
(35, 12, 2, '2024', NULL),
(36, 14, 2, '2024', NULL),
(37, 24, 2, '2024', NULL),
(38, 20, 2, '2024', NULL),
(39, 3, 3, '2024', 115154),
(40, 18, 3, '2024', 54650),
(41, 17, 3, '2024', 27500),
(42, 19, 3, '2024', 6000),
(43, 10, 3, '2024', 5966),
(44, 13, 3, '2024', 40706),
(45, 2, 3, '2024', 6000),
(46, 22, 3, '2024', NULL),
(47, 4, 3, '2024', 8800),
(48, 16, 3, '2024', NULL),
(49, 11, 3, '2024', 2000),
(50, 1, 3, '2024', 4000),
(51, 15, 3, '2024', NULL),
(52, 8, 3, '2024', NULL),
(53, 21, 3, '2024', NULL),
(54, 12, 3, '2024', NULL),
(55, 14, 3, '2024', NULL),
(56, 24, 3, '2024', NULL),
(57, 20, 3, '2024', 1500),
(58, 3, 4, '2024', 51538),
(59, 18, 4, '2024', 45900),
(60, 17, 4, '2024', 19495),
(61, 19, 4, '2024', 11500),
(62, 10, 4, '2024', 3136),
(63, 13, 4, '2024', 40854),
(64, 2, 4, '2024', 4386),
(65, 22, 4, '2024', 1800),
(66, 4, 4, '2024', 9800),
(67, 16, 4, '2024', NULL),
(68, 11, 4, '2024', NULL),
(69, 1, 4, '2024', 1200),
(70, 15, 4, '2024', NULL),
(71, 8, 4, '2024', NULL),
(72, 21, 4, '2024', NULL),
(73, 12, 4, '2024', NULL),
(74, 14, 4, '2024', NULL),
(75, 24, 4, '2024', NULL),
(76, 20, 4, '2024', NULL),
(77, 3, 5, '2024', 56526),
(78, 18, 5, '2024', 34396),
(79, 17, 5, '2024', 35840),
(80, 19, 5, '2024', 18620),
(81, 10, 5, '2024', NULL),
(82, 13, 5, '2024', 57453),
(83, 2, 5, '2024', 11496),
(84, 22, 5, '2024', NULL),
(85, 4, 5, '2024', 19400),
(86, 16, 5, '2024', NULL),
(87, 11, 5, '2024', 1500),
(88, 1, 5, '2024', 3000),
(89, 15, 5, '2024', NULL),
(90, 8, 5, '2024', NULL),
(91, 21, 5, '2024', NULL),
(92, 12, 5, '2024', NULL),
(93, 14, 5, '2024', NULL),
(94, 24, 5, '2024', NULL),
(95, 20, 5, '2024', NULL),
(96, 3, 6, '2024', 231418),
(97, 18, 6, '2024', 81071),
(98, 17, 6, '2024', 50459),
(99, 19, 6, '2024', 15372),
(100, 10, 6, '2024', NULL),
(101, 13, 6, '2024', 11713),
(102, 2, 6, '2024', 6000),
(103, 22, 6, '2024', NULL),
(104, 4, 6, '2024', 8400),
(105, 16, 6, '2024', NULL),
(106, 11, 6, '2024', 3500),
(107, 1, 6, '2024', 1200),
(108, 15, 6, '2024', NULL),
(109, 8, 6, '2024', NULL),
(110, 21, 6, '2024', NULL),
(111, 12, 6, '2024', NULL),
(112, 14, 6, '2024', NULL),
(113, 24, 6, '2024', NULL),
(114, 20, 6, '2024', NULL),
(115, 3, 7, '2024', 133803),
(116, 18, 7, '2024', 78250),
(117, 17, 7, '2024', 30800),
(118, 19, 7, '2024', 11700),
(119, 10, 7, '2024', NULL),
(120, 13, 7, '2024', 43650),
(121, 2, 7, '2024', 6000),
(122, 22, 7, '2024', NULL),
(123, 4, 7, '2024', 13600),
(124, 16, 7, '2024', NULL),
(125, 11, 7, '2024', NULL),
(126, 1, 7, '2024', 2400),
(127, 15, 7, '2024', NULL),
(128, 8, 7, '2024', NULL),
(129, 21, 7, '2024', NULL),
(130, 12, 7, '2024', NULL),
(131, 14, 7, '2024', NULL),
(132, 24, 7, '2024', NULL),
(133, 20, 7, '2024', NULL),
(134, 3, 8, '2024', 106238),
(135, 18, 8, '2024', 34100),
(136, 17, 8, '2024', 52052),
(137, 19, 8, '2024', 13415),
(138, 10, 8, '2024', NULL),
(139, 13, 8, '2024', 39690),
(140, 2, 8, '2024', 6741),
(141, 22, 8, '2024', NULL),
(142, 4, 8, '2024', 5300),
(143, 16, 8, '2024', NULL),
(144, 11, 8, '2024', 9448),
(145, 1, 8, '2024', 900),
(146, 15, 8, '2024', NULL),
(147, 8, 8, '2024', NULL),
(148, 21, 8, '2024', NULL),
(149, 12, 8, '2024', NULL),
(150, 14, 8, '2024', NULL),
(151, 24, 8, '2024', NULL),
(152, 20, 8, '2024', NULL),
(153, 3, 9, '2024', 90616),
(154, 18, 9, '2024', 83440),
(155, 17, 9, '2024', 28040),
(156, 19, 9, '2024', 12500),
(157, 10, 9, '2024', NULL),
(158, 13, 9, '2024', 36284),
(159, 2, 9, '2024', 5000),
(160, 22, 9, '2024', 3775),
(161, 4, 9, '2024', 9700),
(162, 16, 9, '2024', NULL),
(163, 11, 9, '2024', 4800),
(164, 1, 9, '2024', 1901),
(165, 15, 9, '2024', NULL),
(166, 8, 9, '2024', NULL),
(167, 21, 9, '2024', NULL),
(168, 12, 9, '2024', NULL),
(169, 14, 9, '2024', NULL),
(170, 24, 9, '2024', NULL),
(171, 20, 9, '2024', NULL),
(172, 3, 10, '2024', 157127),
(173, 18, 10, '2024', 103248),
(174, 17, 10, '2024', 18105),
(175, 19, 10, '2024', 9200),
(176, 10, 10, '2024', 0),
(177, 13, 10, '2024', 8681),
(178, 2, 10, '2024', 4496),
(179, 22, 10, '2024', NULL),
(180, 4, 10, '2024', 5600),
(181, 16, 10, '2024', NULL),
(182, 11, 10, '2024', 3994),
(183, 1, 10, '2024', 800),
(184, 15, 10, '2024', NULL),
(185, 8, 10, '2024', NULL),
(186, 21, 10, '2024', NULL),
(187, 12, 10, '2024', NULL),
(188, 14, 10, '2024', NULL),
(189, 24, 10, '2024', NULL),
(190, 20, 10, '2024', NULL),
(191, 3, 11, '2024', 77267),
(192, 18, 11, '2024', 76795),
(193, 17, 11, '2024', 46400),
(194, 19, 11, '2024', 33215),
(195, 10, 11, '2024', NULL),
(196, 13, 11, '2024', 14606),
(197, 2, 11, '2024', 10496),
(198, 22, 11, '2024', NULL),
(199, 4, 11, '2024', 11200),
(200, 16, 11, '2024', NULL),
(201, 11, 11, '2024', 3300),
(202, 1, 11, '2024', 1600),
(203, 15, 11, '2024', NULL),
(204, 8, 11, '2024', NULL),
(205, 21, 11, '2024', 2000),
(206, 12, 11, '2024', NULL),
(207, 14, 11, '2024', NULL),
(208, 24, 11, '2024', NULL),
(209, 20, 11, '2024', NULL),
(210, 3, 12, '2024', 72967),
(211, 18, 12, '2024', 62446),
(212, 17, 12, '2024', 24505),
(213, 19, 12, '2024', 8800),
(214, 10, 12, '2024', 8000),
(215, 13, 12, '2024', 8244),
(216, 2, 12, '2024', 11000),
(217, 22, 12, '2024', NULL),
(218, 4, 12, '2024', 14400),
(219, 16, 12, '2024', NULL),
(220, 11, 12, '2024', NULL),
(221, 1, 12, '2024', 1600),
(222, 15, 12, '2024', NULL),
(223, 8, 12, '2024', NULL),
(224, 21, 12, '2024', 880),
(225, 12, 12, '2024', NULL),
(226, 14, 12, '2024', NULL),
(227, 24, 12, '2024', NULL),
(228, 20, 12, '2024', NULL),
(229, 3, 1, '2025', 57866),
(230, 18, 1, '2025', 53440),
(231, 17, 1, '2025', 27138),
(232, 19, 1, '2025', 9110),
(233, 10, 1, '2025', NULL),
(234, 13, 1, '2025', 5100),
(235, 2, 1, '2025', 1396),
(236, 22, 1, '2025', NULL),
(237, 4, 1, '2025', 11200),
(238, 16, 1, '2025', NULL),
(239, 11, 1, '2025', 2000),
(240, 1, 1, '2025', 1600),
(241, 15, 1, '2025', NULL),
(242, 8, 1, '2025', NULL),
(243, 21, 1, '2025', NULL),
(244, 12, 1, '2025', NULL),
(245, 14, 1, '2025', NULL),
(246, 24, 1, '2025', NULL),
(247, 20, 1, '2025', NULL),
(248, 5, 1, '2025', NULL),
(249, 6, 1, '2025', NULL),
(250, 3, 2, '2025', 69068),
(251, 18, 2, '2025', 89743),
(252, 17, 2, '2025', 70427),
(253, 19, 2, '2025', 12659),
(254, 10, 2, '2025', 2000),
(255, 13, 2, '2025', 4000),
(256, 2, 2, '2025', 10900),
(257, 22, 2, '2025', NULL),
(258, 4, 2, '2025', 11200),
(259, 16, 2, '2025', NULL),
(260, 11, 2, '2025', 2000),
(261, 1, 2, '2025', 1600),
(262, 15, 2, '2025', NULL),
(263, 8, 2, '2025', NULL),
(264, 21, 2, '2025', 4000),
(265, 12, 2, '2025', NULL),
(266, 14, 2, '2025', NULL),
(267, 24, 2, '2025', NULL),
(268, 20, 2, '2025', NULL),
(269, 5, 2, '2025', NULL),
(270, 6, 2, '2025', NULL),
(271, 3, 3, '2025', 75106),
(272, 18, 3, '2025', 92233),
(273, 17, 3, '2025', 51842),
(274, 19, 3, '2025', 24080),
(275, 10, 3, '2025', NULL),
(276, 13, 3, '2025', 15312),
(277, 2, 3, '2025', 2000),
(278, 22, 3, '2025', NULL),
(279, 4, 3, '2025', 10400),
(280, 16, 3, '2025', NULL),
(281, 11, 3, '2025', 13400),
(282, 1, 3, '2025', 2400),
(283, 15, 3, '2025', NULL),
(284, 8, 3, '2025', NULL),
(285, 21, 3, '2025', NULL),
(286, 12, 3, '2025', NULL),
(287, 14, 3, '2025', NULL),
(288, 24, 3, '2025', NULL),
(289, 20, 3, '2025', NULL),
(290, 5, 3, '2025', NULL),
(291, 6, 3, '2025', NULL),
(292, 3, 4, '2025', 51790),
(293, 18, 4, '2025', 36009),
(294, 17, 4, '2025', 18775),
(295, 19, 4, '2025', 5630),
(296, 10, 4, '2025', 1900),
(297, 13, 4, '2025', 24550),
(298, 2, 4, '2025', 4900),
(299, 22, 4, '2025', 1800),
(300, 4, 4, '2025', 3740),
(301, 16, 4, '2025', NULL),
(302, 11, 4, '2025', 7500),
(303, 1, 4, '2025', 800),
(304, 15, 4, '2025', NULL),
(305, 8, 4, '2025', NULL),
(306, 21, 4, '2025', 1080),
(307, 12, 4, '2025', NULL),
(308, 14, 4, '2025', NULL),
(309, 24, 4, '2025', NULL),
(310, 20, 4, '2025', NULL),
(311, 5, 4, '2025', 3121),
(312, 6, 4, '2025', 1450),
(313, 3, 5, '2025', 64717),
(314, 18, 5, '2025', 73296),
(315, 17, 5, '2025', 37860),
(316, 19, 5, '2025', 12340),
(317, 10, 5, '2025', NULL),
(318, 13, 5, '2025', 4702),
(319, 2, 5, '2025', 2500),
(320, 22, 5, '2025', 900),
(321, 4, 5, '2025', 7700),
(322, 16, 5, '2025', NULL),
(323, 11, 5, '2025', 5500),
(324, 1, 5, '2025', 800),
(325, 15, 5, '2025', NULL),
(326, 8, 5, '2025', NULL),
(327, 21, 5, '2025', 500),
(328, 12, 5, '2025', NULL),
(329, 14, 5, '2025', NULL),
(330, 24, 5, '2025', NULL),
(331, 20, 5, '2025', NULL),
(332, 5, 5, '2025', 5608),
(333, 6, 5, '2025', 400),
(334, 3, 6, '2025', 83842),
(335, 18, 6, '2025', 84328),
(336, 17, 6, '2025', 42695),
(337, 19, 6, '2025', 17337),
(338, 10, 6, '2025', NULL),
(339, 13, 6, '2025', 9100),
(340, 2, 6, '2025', 9451),
(341, 22, 6, '2025', NULL),
(342, 4, 6, '2025', 8000),
(343, 16, 6, '2025', NULL),
(344, 11, 6, '2025', 3700),
(345, 1, 6, '2025', 1600),
(346, 15, 6, '2025', NULL),
(347, 8, 6, '2025', NULL),
(348, 21, 6, '2025', NULL),
(349, 12, 6, '2025', NULL),
(350, 14, 6, '2025', NULL),
(351, 24, 6, '2025', NULL),
(352, 20, 6, '2025', NULL),
(353, 5, 6, '2025', 2800),
(354, 6, 6, '2025', 1950),
(355, 9, 6, '2025', 5000);

-- --------------------------------------------------------

--
-- Table structure for table `failed_jobs`
--

CREATE TABLE `failed_jobs` (
  `id` bigint(20) UNSIGNED NOT NULL,
  `uuid` varchar(255) NOT NULL,
  `connection` text NOT NULL,
  `queue` text NOT NULL,
  `payload` longtext NOT NULL,
  `exception` longtext NOT NULL,
  `failed_at` timestamp NOT NULL DEFAULT current_timestamp()
) ENGINE=InnoDB DEFAULT CHARSET=utf8mb4 COLLATE=utf8mb4_unicode_ci;

-- --------------------------------------------------------

--
-- Table structure for table `jobs`
--

CREATE TABLE `jobs` (
  `id` bigint(20) UNSIGNED NOT NULL,
  `queue` varchar(255) NOT NULL,
  `payload` longtext NOT NULL,
  `attempts` tinyint(3) UNSIGNED NOT NULL,
  `reserved_at` int(10) UNSIGNED DEFAULT NULL,
  `available_at` int(10) UNSIGNED NOT NULL,
  `created_at` int(10) UNSIGNED NOT NULL
) ENGINE=InnoDB DEFAULT CHARSET=utf8mb4 COLLATE=utf8mb4_unicode_ci;

-- --------------------------------------------------------

--
-- Table structure for table `job_batches`
--

CREATE TABLE `job_batches` (
  `id` varchar(255) NOT NULL,
  `name` varchar(255) NOT NULL,
  `total_jobs` int(11) NOT NULL,
  `pending_jobs` int(11) NOT NULL,
  `failed_jobs` int(11) NOT NULL,
  `failed_job_ids` longtext NOT NULL,
  `options` mediumtext DEFAULT NULL,
  `cancelled_at` int(11) DEFAULT NULL,
  `created_at` int(11) NOT NULL,
  `finished_at` int(11) DEFAULT NULL
) ENGINE=InnoDB DEFAULT CHARSET=utf8mb4 COLLATE=utf8mb4_unicode_ci;

-- --------------------------------------------------------

--
-- Table structure for table `migrations`
--

CREATE TABLE `migrations` (
  `id` int(10) UNSIGNED NOT NULL,
  `migration` varchar(255) NOT NULL,
  `batch` int(11) NOT NULL
) ENGINE=InnoDB DEFAULT CHARSET=utf8mb4 COLLATE=utf8mb4_unicode_ci;

--
-- Dumping data for table `migrations`
--

INSERT INTO `migrations` (`id`, `migration`, `batch`) VALUES
(1, '0001_01_01_000000_create_users_table', 1),
(2, '0001_01_01_000001_create_cache_table', 1),
(3, '0001_01_01_000002_create_jobs_table', 1),
(4, '2025_07_13_122646_create_akun_table', 2),
(5, '2025_07_24_135742_create_shippers_cc_table', 3),
(6, '2025_07_24_135758_create_commodities_cc_table', 3),
(7, '2025_07_24_135811_create_shipper_productions_cc_table', 3),
(8, '2025_07_24_135824_create_commodity_productions_cc_table', 3);

-- --------------------------------------------------------

--
-- Table structure for table `password_reset_tokens`
--

CREATE TABLE `password_reset_tokens` (
  `email` varchar(255) NOT NULL,
  `token` varchar(255) NOT NULL,
  `created_at` timestamp NULL DEFAULT NULL
) ENGINE=InnoDB DEFAULT CHARSET=utf8mb4 COLLATE=utf8mb4_unicode_ci;

-- --------------------------------------------------------

--
-- Table structure for table `sessions`
--

CREATE TABLE `sessions` (
  `id` varchar(255) NOT NULL,
  `user_id` bigint(20) UNSIGNED DEFAULT NULL,
  `ip_address` varchar(45) DEFAULT NULL,
  `user_agent` text DEFAULT NULL,
  `payload` longtext NOT NULL,
  `last_activity` int(11) NOT NULL
) ENGINE=InnoDB DEFAULT CHARSET=utf8mb4 COLLATE=utf8mb4_unicode_ci;

--
-- Dumping data for table `sessions`
--

INSERT INTO `sessions` (`id`, `user_id`, `ip_address`, `user_agent`, `payload`, `last_activity`) VALUES
('bWoJ0MY6zWerC6p2TE0AE8zkZmBxX0Ha0TiuroVZ', NULL, '127.0.0.1', 'Mozilla/5.0 (Windows NT 10.0; Win64; x64) AppleWebKit/537.36 (KHTML, like Gecko) Chrome/139.0.0.0 Safari/537.36 Edg/139.0.0.0', 'YTo0OntzOjY6Il90b2tlbiI7czo0MDoiVm5ISVBTNjUyQUN4S21leTYwN3lRT0p6R0ppSVZDU3lXYlFkQmdUWiI7czo5OiJfcHJldmlvdXMiO2E6MTp7czozOiJ1cmwiO3M6OTI6Imh0dHA6Ly8xMjcuMC4wLjE6ODAwMC9jdXJhaC1jYWlyP2J1bGFuPTMmaWQxPTUmaWQyPTUmamVuaXM9Y29tbW9kaXR5JnRhaHVuMT0yMDI1JnRhaHVuMj0yMDI1Ijt9czo2OiJfZmxhc2giO2E6Mjp7czozOiJvbGQiO2E6MDp7fXM6MzoibmV3IjthOjA6e319czo0OiJ1c2VyIjtpOjE7fQ==', 1756778898);

-- --------------------------------------------------------

--
-- Table structure for table `shippers_cc`
--

CREATE TABLE `shippers_cc` (
  `id` bigint(20) UNSIGNED NOT NULL,
  `name` varchar(500) NOT NULL
) ENGINE=InnoDB DEFAULT CHARSET=utf8mb4 COLLATE=utf8mb4_unicode_ci;

--
-- Dumping data for table `shippers_cc`
--

INSERT INTO `shippers_cc` (`id`, `name`) VALUES
(1, 'ABADI ENERGI NABATI'),
(2, 'AGRIPRIMA CIPTA PERSADA\r'),
(3, 'BANYU BENING UTAMA\r'),
(4, 'BERKAT SAWIT NUSANTARA\r'),
(5, 'BIOMASS TRADING INDONESIA (BIOTINDO)\r'),
(6, 'CERENTI SUBUR\r'),
(7, 'CERIA PRIMA\r'),
(8, 'DARMEX AGRO\r'),
(9, 'DARMEX OIL&FATS\r'),
(10, 'DUMAI PARACIPTA ABADI\r'),
(11, 'DUTA PALMA NUSANTARA\r'),
(12, 'ECOOILS JAYA INDONESIA\r'),
(13, 'EKADURA INDONESIA\r'),
(14, 'ENERGI UNGGUL PERSADA\r'),
(15, 'GUNUNG MAS RAYA\r'),
(16, 'INTIBENUA PERKASATAMA\r'),
(17, 'IVOMAS TUNGGAL\r'),
(18, 'JOHAN SENTOSA\r'),
(19, 'KARYA AGUNG SWASTA\r'),
(20, 'KENCANA AMAL TANI\r'),
(21, 'KHARISMA PEMASARAN BERSAMA NUSANTARA\r'),
(22, 'KLK DUMAI\r'),
(23, 'KREASIJAYA ADHIKARYA\r'),
(24, 'LEDO LESTARI\r'),
(25, 'LINGGA TIGA SAWIT\r'),
(26, 'MADINA AGRO LESTARI\r'),
(27, 'MARITA  MAKMUR JAYA\r'),
(28, 'MARITA MAKMUR JAYA\r'),
(29, 'MEKAR SARI ALAM LESTARI\r'),
(30, 'NAGAMAS PAL OIL LESTARI\r'),
(31, 'NUBIKA JAYA\r'),
(32, 'PALAMA SATU\r'),
(33, 'PANCA AGRO LESTARI\r'),
(34, 'PELITA AGUNG AGRINDUSTRI\r'),
(35, 'PERMATA HIJAU INDONESIA\r'),
(36, 'PERMATA HIJAU PALM OLEO\r'),
(37, 'PERMATA HIJAU SAWIT\r'),
(38, 'SALIM IVOMAS PRATAMA\r'),
(39, 'SEBERIDA SUBUR\r'),
(40, 'SINARMAS AGRO RESOURCES&TECHNOLOGY\r'),
(41, 'SUMBER TANI AGUNG\r'),
(42, 'SURYA INTI PRIMAKARYA\r'),
(43, 'TALUK KUANTAN PERKASA\r'),
(44, 'TANGGUH AGRO JAYA\r'),
(45, 'TAPIAN NADENGGAN\r'),
(46, 'TH INDO PLANTATION\r'),
(47, 'TRIMITRA AGRO JAYA\r'),
(48, 'TRITUNGGAL SENTRA BUANA\r'),
(49, 'VICTORINDO ALAM LESTARI / PERMATA HIJAU INDONESIA\r'),
(50, 'WANA HIJAU SEMESTA\r'),
(51, 'WANA JINGGA TIMUR\r'),
(52, 'WILMAR NABATI INDONESIA\r'),
(53, 'WIRATADAYA BANGUN PERSADA\r');

-- --------------------------------------------------------

--
-- Table structure for table `shipper_productions_cc`
--

CREATE TABLE `shipper_productions_cc` (
  `id` bigint(20) UNSIGNED NOT NULL,
  `shipper_id` bigint(20) UNSIGNED NOT NULL,
  `bulan` tinyint(4) NOT NULL,
  `tahun` year(4) NOT NULL,
  `produksi` int(11) DEFAULT NULL
) ENGINE=InnoDB DEFAULT CHARSET=utf8mb4 COLLATE=utf8mb4_unicode_ci;

--
-- Dumping data for table `shipper_productions_cc`
--

INSERT INTO `shipper_productions_cc` (`id`, `shipper_id`, `bulan`, `tahun`, `produksi`) VALUES
(1, 36, 1, '2024', 0),
(2, 31, 1, '2024', 0),
(3, 35, 1, '2024', 0),
(4, 30, 1, '2024', 0),
(5, 37, 1, '2024', 0),
(6, 16, 1, '2024', 62252),
(7, 10, 1, '2024', 25112),
(8, 23, 1, '2024', 4500),
(9, 22, 1, '2024', 17100),
(10, 13, 1, '2024', 15503),
(11, 21, 1, '2024', 5000),
(12, 14, 1, '2024', 6500),
(13, 47, 1, '2024', 0),
(14, 44, 1, '2024', 0),
(15, 42, 1, '2024', 24101),
(16, 38, 1, '2024', 4001),
(17, 15, 1, '2024', 1000),
(18, 52, 1, '2024', 9999),
(19, 46, 1, '2024', 0),
(20, 17, 1, '2024', 0),
(21, 45, 1, '2024', 0),
(22, 40, 1, '2024', 0),
(23, 24, 1, '2024', 0),
(24, 50, 1, '2024', 0),
(25, 43, 1, '2024', 2995),
(26, 2, 1, '2024', 0),
(27, 8, 1, '2024', 0),
(28, 9, 1, '2024', 0),
(29, 4, 1, '2024', 0),
(30, 19, 1, '2024', 0),
(31, 25, 1, '2024', 0),
(32, 7, 1, '2024', 0),
(33, 53, 1, '2024', 0),
(34, 26, 1, '2024', 0),
(35, 32, 1, '2024', 0),
(36, 20, 1, '2024', 0),
(37, 39, 1, '2024', 0),
(38, 3, 1, '2024', 0),
(39, 29, 1, '2024', 19500),
(40, 33, 1, '2024', 0),
(41, 50, 1, '2024', 0),
(42, 51, 1, '2024', 0),
(43, 18, 1, '2024', 0),
(44, 11, 1, '2024', 0),
(45, 48, 1, '2024', 0),
(46, 1, 1, '2024', 0),
(47, 27, 1, '2024', 0),
(48, 41, 1, '2024', 0),
(49, 34, 2, '2024', 33510),
(50, 36, 2, '2024', 0),
(51, 31, 2, '2024', 0),
(52, 35, 2, '2024', 0),
(53, 30, 2, '2024', 0),
(54, 37, 2, '2024', 0),
(55, 16, 2, '2024', 64929),
(56, 10, 2, '2024', 44995),
(57, 23, 2, '2024', 27500),
(58, 22, 2, '2024', 25650),
(59, 13, 2, '2024', 4501),
(60, 21, 2, '2024', 5000),
(61, 14, 2, '2024', 0),
(62, 47, 2, '2024', 0),
(63, 44, 2, '2024', 3000),
(64, 42, 2, '2024', 12000),
(65, 38, 2, '2024', 9153),
(66, 15, 2, '2024', 1750),
(67, 52, 2, '2024', 9000),
(68, 46, 2, '2024', 0),
(69, 17, 2, '2024', 0),
(70, 45, 2, '2024', 0),
(71, 40, 2, '2024', 0),
(72, 24, 2, '2024', 0),
(73, 50, 2, '2024', 0),
(74, 43, 2, '2024', 2497),
(75, 2, 2, '2024', 0),
(76, 8, 2, '2024', 4000),
(77, 9, 2, '2024', 0),
(78, 4, 2, '2024', 0),
(79, 19, 2, '2024', 0),
(80, 25, 2, '2024', 0),
(81, 7, 2, '2024', 0),
(82, 53, 2, '2024', 0),
(83, 26, 2, '2024', 0),
(84, 32, 2, '2024', 0),
(85, 20, 2, '2024', 0),
(86, 39, 2, '2024', 0),
(87, 3, 2, '2024', 0),
(88, 29, 2, '2024', 0),
(89, 33, 2, '2024', 0),
(90, 50, 2, '2024', 0),
(91, 51, 2, '2024', 0),
(92, 18, 2, '2024', 0),
(93, 11, 2, '2024', 0),
(94, 48, 2, '2024', 0),
(95, 1, 2, '2024', 1960),
(96, 27, 2, '2024', 0),
(97, 41, 2, '2024', 0),
(98, 34, 3, '2024', 49600),
(99, 36, 3, '2024', 0),
(100, 31, 3, '2024', 0),
(101, 35, 3, '2024', 0),
(102, 30, 3, '2024', 0),
(103, 37, 3, '2024', 0),
(104, 16, 3, '2024', 44650),
(105, 10, 3, '2024', 34001),
(106, 23, 3, '2024', 54000),
(107, 22, 3, '2024', 18800),
(108, 13, 3, '2024', 15503),
(109, 21, 3, '2024', 10601),
(110, 14, 3, '2024', 7842),
(111, 47, 3, '2024', 0),
(112, 44, 3, '2024', 3000),
(113, 42, 3, '2024', 17775),
(114, 38, 3, '2024', 8304),
(115, 15, 3, '2024', 1700),
(116, 52, 3, '2024', 6500),
(117, 46, 3, '2024', 0),
(118, 17, 3, '2024', 0),
(119, 45, 3, '2024', 0),
(120, 40, 3, '2024', 0),
(121, 24, 3, '2024', 0),
(122, 50, 3, '2024', 0),
(123, 43, 3, '2024', 0),
(124, 2, 3, '2024', 0),
(125, 8, 3, '2024', 0),
(126, 9, 3, '2024', 0),
(127, 4, 3, '2024', 0),
(128, 19, 3, '2024', 0),
(129, 25, 3, '2024', 0),
(130, 7, 3, '2024', 0),
(131, 53, 3, '2024', 0),
(132, 26, 3, '2024', 0),
(133, 32, 3, '2024', 0),
(134, 20, 3, '2024', 0),
(135, 39, 3, '2024', 0),
(136, 3, 3, '2024', 0),
(137, 29, 3, '2024', 0),
(138, 33, 3, '2024', 0),
(139, 50, 3, '2024', 0),
(140, 51, 3, '2024', 0),
(141, 18, 3, '2024', 0),
(142, 11, 3, '2024', 0),
(143, 48, 3, '2024', 0),
(144, 1, 3, '2024', 0),
(145, 27, 3, '2024', 0),
(146, 41, 3, '2024', 0),
(147, 34, 4, '2024', 20500),
(148, 36, 4, '2024', 0),
(149, 31, 4, '2024', 0),
(150, 35, 4, '2024', 0),
(151, 30, 4, '2024', 0),
(152, 37, 4, '2024', 0),
(153, 16, 4, '2024', 49345),
(154, 10, 4, '2024', 40058),
(155, 23, 4, '2024', 18000),
(156, 22, 4, '2024', 14800),
(157, 13, 4, '2024', 14003),
(158, 21, 4, '2024', 0),
(159, 14, 4, '2024', 0),
(160, 47, 4, '2024', 0),
(161, 44, 4, '2024', 4000),
(162, 42, 4, '2024', 4000),
(163, 38, 4, '2024', 7403),
(164, 15, 4, '2024', 1100),
(165, 52, 4, '2024', 11400),
(166, 46, 4, '2024', 0),
(167, 17, 4, '2024', 0),
(168, 45, 4, '2024', 0),
(169, 40, 4, '2024', 0),
(170, 24, 4, '2024', 0),
(171, 50, 4, '2024', 0),
(172, 43, 4, '2024', 0),
(173, 2, 4, '2024', 0),
(174, 8, 4, '2024', 0),
(175, 9, 4, '2024', 0),
(176, 4, 4, '2024', 0),
(177, 19, 4, '2024', 0),
(178, 25, 4, '2024', 0),
(179, 7, 4, '2024', 0),
(180, 53, 4, '2024', 0),
(181, 26, 4, '2024', 0),
(182, 32, 4, '2024', 0),
(183, 20, 4, '2024', 0),
(184, 39, 4, '2024', 0),
(185, 3, 4, '2024', 0),
(186, 29, 4, '2024', 0),
(187, 33, 4, '2024', 0),
(188, 50, 4, '2024', 0),
(189, 51, 4, '2024', 0),
(190, 18, 4, '2024', 0),
(191, 11, 4, '2024', 5000),
(192, 48, 4, '2024', 0),
(193, 1, 4, '2024', 0),
(194, 27, 4, '2024', 0),
(195, 41, 4, '2024', 0),
(196, 34, 5, '2024', 13500),
(197, 36, 5, '2024', 0),
(198, 31, 5, '2024', 0),
(199, 35, 5, '2024', 0),
(200, 30, 5, '2024', 0),
(201, 37, 5, '2024', 0),
(202, 16, 5, '2024', 48561),
(203, 10, 5, '2024', 31169),
(204, 23, 5, '2024', 37000),
(205, 22, 5, '2024', 32400),
(206, 13, 5, '2024', 9502),
(207, 21, 5, '2024', 5000),
(208, 14, 5, '2024', 0),
(209, 47, 5, '2024', 0),
(210, 44, 5, '2024', 22903),
(211, 42, 5, '2024', 0),
(212, 38, 5, '2024', 11005),
(213, 15, 5, '2024', 2500),
(214, 52, 5, '2024', 18195),
(215, 46, 5, '2024', 0),
(216, 17, 5, '2024', 0),
(217, 45, 5, '2024', 0),
(218, 40, 5, '2024', 0),
(219, 24, 5, '2024', 0),
(220, 50, 5, '2024', 0),
(221, 43, 5, '2024', 1496),
(222, 2, 5, '2024', 0),
(223, 8, 5, '2024', 0),
(224, 9, 5, '2024', 0),
(225, 4, 5, '2024', 0),
(226, 19, 5, '2024', 0),
(227, 25, 5, '2024', 0),
(228, 7, 5, '2024', 0),
(229, 53, 5, '2024', 0),
(230, 26, 5, '2024', 0),
(231, 32, 5, '2024', 0),
(232, 20, 5, '2024', 0),
(233, 39, 5, '2024', 0),
(234, 3, 5, '2024', 0),
(235, 29, 5, '2024', 0),
(236, 33, 5, '2024', 0),
(237, 50, 5, '2024', 0),
(238, 51, 5, '2024', 0),
(239, 18, 5, '2024', 0),
(240, 11, 5, '2024', 5000),
(241, 48, 5, '2024', 0),
(242, 1, 5, '2024', 0),
(243, 27, 5, '2024', 0),
(244, 41, 5, '2024', 0),
(245, 34, 6, '2024', 108000),
(246, 36, 6, '2024', 0),
(247, 31, 6, '2024', 0),
(248, 35, 6, '2024', 0),
(249, 30, 6, '2024', 0),
(250, 37, 6, '2024', 0),
(251, 16, 6, '2024', 82718),
(252, 10, 6, '2024', 47958),
(253, 23, 6, '2024', 40551),
(254, 22, 6, '2024', 15600),
(255, 13, 6, '2024', 39604),
(256, 21, 6, '2024', 38000),
(257, 14, 6, '2024', 2500),
(258, 47, 6, '2024', 0),
(259, 44, 6, '2024', 8700),
(260, 42, 6, '2024', 0),
(261, 38, 6, '2024', 6502),
(262, 15, 6, '2024', 2000),
(263, 52, 6, '2024', 0),
(264, 46, 6, '2024', 0),
(265, 17, 6, '2024', 0),
(266, 45, 6, '2024', 0),
(267, 40, 6, '2024', 0),
(268, 24, 6, '2024', 0),
(269, 50, 6, '2024', 0),
(270, 43, 6, '2024', 0),
(271, 2, 6, '2024', 0),
(272, 8, 6, '2024', 17000),
(273, 9, 6, '2024', 0),
(274, 4, 6, '2024', 0),
(275, 19, 6, '2024', 0),
(276, 25, 6, '2024', 0),
(277, 7, 6, '2024', 0),
(278, 53, 6, '2024', 0),
(279, 26, 6, '2024', 0),
(280, 32, 6, '2024', 0),
(281, 20, 6, '2024', 0),
(282, 39, 6, '2024', 0),
(283, 3, 6, '2024', 0),
(284, 29, 6, '2024', 0),
(285, 33, 6, '2024', 0),
(286, 50, 6, '2024', 0),
(287, 51, 6, '2024', 0),
(288, 18, 6, '2024', 0),
(289, 11, 6, '2024', 0),
(290, 48, 6, '2024', 0),
(291, 1, 6, '2024', 0),
(292, 27, 6, '2024', 0),
(293, 41, 6, '2024', 0),
(294, 34, 7, '2024', 49710),
(295, 36, 7, '2024', 0),
(296, 31, 7, '2024', 0),
(297, 35, 7, '2024', 0),
(298, 30, 7, '2024', 0),
(299, 37, 7, '2024', 0),
(300, 16, 7, '2024', 47850),
(301, 10, 7, '2024', 45184),
(302, 23, 7, '2024', 64000),
(303, 22, 7, '2024', 22000),
(304, 13, 7, '2024', 20504),
(305, 21, 7, '2024', 10500),
(306, 14, 7, '2024', 7800),
(307, 47, 7, '2024', 0),
(308, 44, 7, '2024', 30650),
(309, 42, 7, '2024', 0),
(310, 38, 7, '2024', 11905),
(311, 15, 7, '2024', 3100),
(312, 52, 7, '2024', 5000),
(313, 46, 7, '2024', 0),
(314, 17, 7, '2024', 0),
(315, 45, 7, '2024', 0),
(316, 40, 7, '2024', 0),
(317, 24, 7, '2024', 0),
(318, 50, 7, '2024', 0),
(319, 43, 7, '2024', 0),
(320, 2, 7, '2024', 0),
(321, 8, 7, '2024', 0),
(322, 9, 7, '2024', 0),
(323, 4, 7, '2024', 0),
(324, 19, 7, '2024', 0),
(325, 25, 7, '2024', 0),
(326, 7, 7, '2024', 0),
(327, 53, 7, '2024', 0),
(328, 26, 7, '2024', 0),
(329, 32, 7, '2024', 0),
(330, 20, 7, '2024', 0),
(331, 39, 7, '2024', 0),
(332, 3, 7, '2024', 0),
(333, 29, 7, '2024', 0),
(334, 33, 7, '2024', 0),
(335, 50, 7, '2024', 0),
(336, 51, 7, '2024', 0),
(337, 18, 7, '2024', 0),
(338, 11, 7, '2024', 0),
(339, 48, 7, '2024', 0),
(340, 1, 7, '2024', 2000),
(341, 27, 7, '2024', 0),
(342, 41, 7, '2024', 0),
(343, 34, 8, '2024', 36200),
(344, 36, 8, '2024', 0),
(345, 31, 8, '2024', 0),
(346, 35, 8, '2024', 0),
(347, 30, 8, '2024', 0),
(348, 37, 8, '2024', 0),
(349, 16, 8, '2024', 51020),
(350, 10, 8, '2024', 50428),
(351, 23, 8, '2024', 41700),
(352, 22, 8, '2024', 8200),
(353, 13, 8, '2024', 9002),
(354, 21, 8, '2024', 14000),
(355, 14, 8, '2024', 0),
(356, 47, 8, '2024', 0),
(357, 44, 8, '2024', 20602),
(358, 42, 8, '2024', 0),
(359, 38, 8, '2024', 15606),
(360, 15, 8, '2024', 3400),
(361, 52, 8, '2024', 2080),
(362, 46, 8, '2024', 0),
(363, 17, 8, '2024', 6004),
(364, 45, 8, '2024', 0),
(365, 40, 8, '2024', 0),
(366, 24, 8, '2024', 0),
(367, 50, 8, '2024', 0),
(368, 43, 8, '2024', 4741),
(369, 2, 8, '2024', 0),
(370, 8, 8, '2024', 0),
(371, 9, 8, '2024', 0),
(372, 4, 8, '2024', 0),
(373, 19, 8, '2024', 0),
(374, 25, 8, '2024', 0),
(375, 7, 8, '2024', 0),
(376, 53, 8, '2024', 0),
(377, 26, 8, '2024', 0),
(378, 32, 8, '2024', 0),
(379, 20, 8, '2024', 0),
(380, 39, 8, '2024', 0),
(381, 3, 8, '2024', 0),
(382, 29, 8, '2024', 0),
(383, 33, 8, '2024', 0),
(384, 50, 8, '2024', 0),
(385, 51, 8, '2024', 0),
(386, 18, 8, '2024', 0),
(387, 11, 8, '2024', 4600),
(388, 48, 8, '2024', 0),
(389, 1, 8, '2024', 0),
(390, 27, 8, '2024', 301),
(391, 41, 8, '2024', 0),
(392, 34, 9, '2024', 52550),
(393, 36, 9, '2024', 0),
(394, 31, 9, '2024', 0),
(395, 35, 9, '2024', 0),
(396, 30, 9, '2024', 0),
(397, 37, 9, '2024', 0),
(398, 16, 9, '2024', 51240),
(399, 10, 9, '2024', 47937),
(400, 23, 9, '2024', 48700),
(401, 22, 9, '2024', 20376),
(402, 13, 9, '2024', 12002),
(403, 21, 9, '2024', 3000),
(404, 14, 9, '2024', 0),
(405, 47, 9, '2024', 0),
(406, 44, 9, '2024', 25600),
(407, 42, 9, '2024', 0),
(408, 38, 9, '2024', 7705),
(409, 15, 9, '2024', 2300),
(410, 52, 9, '2024', 0),
(411, 46, 9, '2024', 0),
(412, 17, 9, '2024', 0),
(413, 45, 9, '2024', 0),
(414, 40, 9, '2024', 0),
(415, 24, 9, '2024', 0),
(416, 50, 9, '2024', 0),
(417, 43, 9, '2024', 0),
(418, 2, 9, '2024', 0),
(419, 8, 9, '2024', 0),
(420, 9, 9, '2024', 0),
(421, 4, 9, '2024', 0),
(422, 19, 9, '2024', 0),
(423, 25, 9, '2024', 0),
(424, 7, 9, '2024', 0),
(425, 53, 9, '2024', 0),
(426, 26, 9, '2024', 0),
(427, 32, 9, '2024', 0),
(428, 20, 9, '2024', 0),
(429, 39, 9, '2024', 0),
(430, 3, 9, '2024', 0),
(431, 29, 9, '2024', 0),
(432, 33, 9, '2024', 0),
(433, 50, 9, '2024', 0),
(434, 51, 9, '2024', 0),
(435, 18, 9, '2024', 0),
(436, 11, 9, '2024', 3000),
(437, 48, 9, '2024', 0),
(438, 1, 9, '2024', 0),
(439, 27, 9, '2024', 1646),
(440, 41, 9, '2024', 0),
(441, 34, 10, '2024', 59610),
(442, 36, 10, '2024', 0),
(443, 31, 10, '2024', 0),
(444, 35, 10, '2024', 0),
(445, 30, 10, '2024', 0),
(446, 37, 10, '2024', 0),
(447, 16, 10, '2024', 48356),
(448, 10, 10, '2024', 53065),
(449, 23, 10, '2024', 50700),
(450, 22, 10, '2024', 8400),
(451, 13, 10, '2024', 15566),
(452, 21, 10, '2024', 9163),
(453, 14, 10, '2024', 20128),
(454, 47, 10, '2024', 0),
(455, 44, 10, '2024', 0),
(456, 42, 10, '2024', 0),
(457, 38, 10, '2024', 14204),
(458, 15, 10, '2024', 3300),
(459, 52, 10, '2024', 2351),
(460, 46, 10, '2024', 0),
(461, 17, 10, '2024', 6101),
(462, 45, 10, '2024', 0),
(463, 40, 10, '2024', 0),
(464, 24, 10, '2024', 0),
(465, 50, 10, '2024', 0),
(466, 43, 10, '2024', 2496),
(467, 2, 10, '2024', 0),
(468, 8, 10, '2024', 6700),
(469, 9, 10, '2024', 0),
(470, 4, 10, '2024', 0),
(471, 19, 10, '2024', 0),
(472, 25, 10, '2024', 0),
(473, 7, 10, '2024', 0),
(474, 53, 10, '2024', 0),
(475, 26, 10, '2024', 0),
(476, 32, 10, '2024', 0),
(477, 20, 10, '2024', 0),
(478, 39, 10, '2024', 0),
(479, 3, 10, '2024', 0),
(480, 29, 10, '2024', 0),
(481, 33, 10, '2024', 0),
(482, 50, 10, '2024', 0),
(483, 51, 10, '2024', 0),
(484, 18, 10, '2024', 0),
(485, 11, 10, '2024', 5000),
(486, 48, 10, '2024', 0),
(487, 1, 10, '2024', 229),
(488, 27, 10, '2024', 936),
(489, 41, 10, '2024', 4946),
(490, 34, 11, '2024', 40771),
(491, 36, 11, '2024', 0),
(492, 31, 11, '2024', 0),
(493, 35, 11, '2024', 0),
(494, 30, 11, '2024', 0),
(495, 37, 11, '2024', 0),
(496, 16, 11, '2024', 81816),
(497, 10, 11, '2024', 34518),
(498, 23, 11, '2024', 39100),
(499, 22, 11, '2024', 20300),
(500, 13, 11, '2024', 5001),
(501, 21, 11, '2024', 0),
(502, 14, 11, '2024', 8000),
(503, 47, 11, '2024', 0),
(504, 44, 11, '2024', 3800),
(505, 42, 11, '2024', 0),
(506, 38, 11, '2024', 9203),
(507, 15, 11, '2024', 800),
(508, 52, 11, '2024', 4000),
(509, 46, 11, '2024', 0),
(510, 17, 11, '2024', 2818),
(511, 45, 11, '2024', 0),
(512, 40, 11, '2024', 0),
(513, 24, 11, '2024', 0),
(514, 50, 11, '2024', 0),
(515, 43, 11, '2024', 2996),
(516, 2, 11, '2024', 0),
(517, 8, 11, '2024', 1400),
(518, 9, 11, '2024', 0),
(519, 4, 11, '2024', 0),
(520, 19, 11, '2024', 1250),
(521, 25, 11, '2024', 0),
(522, 7, 11, '2024', 0),
(523, 53, 11, '2024', 0),
(524, 26, 11, '2024', 2100),
(525, 32, 11, '2024', 0),
(526, 20, 11, '2024', 0),
(527, 39, 11, '2024', 0),
(528, 3, 11, '2024', 0),
(529, 29, 11, '2024', 13600),
(530, 33, 11, '2024', 0),
(531, 50, 11, '2024', 0),
(532, 51, 11, '2024', 0),
(533, 18, 11, '2024', 0),
(534, 11, 11, '2024', 0),
(535, 48, 11, '2024', 0),
(536, 1, 11, '2024', 0),
(537, 27, 11, '2024', 3506),
(538, 41, 11, '2024', 1900),
(539, 34, 12, '2024', 36902),
(540, 36, 12, '2024', 0),
(541, 31, 12, '2024', 0),
(542, 35, 12, '2024', 0),
(543, 30, 12, '2024', 0),
(544, 37, 12, '2024', 500),
(545, 16, 12, '2024', 44480),
(546, 10, 12, '2024', 21895),
(547, 23, 12, '2024', 32137),
(548, 22, 12, '2024', 27000),
(549, 13, 12, '2024', 15001),
(550, 21, 12, '2024', 0),
(551, 14, 12, '2024', 0),
(552, 47, 12, '2024', 0),
(553, 44, 12, '2024', 5000),
(554, 42, 12, '2024', 0),
(555, 38, 12, '2024', 12305),
(556, 15, 12, '2024', 3200),
(557, 52, 12, '2024', 9054),
(558, 46, 12, '2024', 0),
(559, 17, 12, '2024', 0),
(560, 45, 12, '2024', 0),
(561, 40, 12, '2024', 0),
(562, 24, 12, '2024', 0),
(563, 50, 12, '2024', 0),
(564, 43, 12, '2024', 0),
(565, 2, 12, '2024', 0),
(566, 8, 12, '2024', 0),
(567, 9, 12, '2024', 0),
(568, 4, 12, '2024', 0),
(569, 19, 12, '2024', 0),
(570, 25, 12, '2024', 0),
(571, 7, 12, '2024', 0),
(572, 53, 12, '2024', 0),
(573, 26, 12, '2024', 0),
(574, 32, 12, '2024', 0),
(575, 20, 12, '2024', 0),
(576, 39, 12, '2024', 0),
(577, 3, 12, '2024', 0),
(578, 29, 12, '2024', 0),
(579, 33, 12, '2024', 0),
(580, 50, 12, '2024', 0),
(581, 51, 12, '2024', 0),
(582, 18, 12, '2024', 0),
(583, 11, 12, '2024', 0),
(584, 48, 12, '2024', 0),
(585, 1, 12, '2024', 3070),
(586, 27, 12, '2024', 2298),
(587, 41, 12, '2024', 0),
(588, 34, 1, '2025', 3800),
(589, 36, 1, '2025', 0),
(590, 31, 1, '2025', 0),
(591, 35, 1, '2025', 0),
(592, 30, 1, '2025', 0),
(593, 37, 1, '2025', 0),
(594, 16, 1, '2025', 63380),
(595, 10, 1, '2025', 6026),
(596, 23, 1, '2025', 49520),
(597, 22, 1, '2025', 12800),
(598, 13, 1, '2025', 10002),
(599, 21, 1, '2025', 0),
(600, 14, 1, '2025', 0),
(601, 47, 1, '2025', 0),
(602, 44, 1, '2025', 0),
(603, 42, 1, '2025', 0),
(604, 38, 1, '2025', 12805),
(605, 15, 1, '2025', 2700),
(606, 52, 1, '2025', 1901),
(607, 46, 1, '2025', 0),
(608, 17, 1, '2025', 3199),
(609, 45, 1, '2025', 0),
(610, 40, 1, '2025', 0),
(611, 24, 1, '2025', 0),
(612, 50, 1, '2025', 0),
(613, 43, 1, '2025', 1396),
(614, 2, 1, '2025', 0),
(615, 8, 1, '2025', 0),
(616, 9, 1, '2025', 0),
(617, 4, 1, '2025', 0),
(618, 19, 1, '2025', 0),
(619, 25, 1, '2025', 0),
(620, 7, 1, '2025', 0),
(621, 53, 1, '2025', 0),
(622, 26, 1, '2025', 0),
(623, 32, 1, '2025', 0),
(624, 20, 1, '2025', 0),
(625, 39, 1, '2025', 0),
(626, 3, 1, '2025', 0),
(627, 29, 1, '2025', 0),
(628, 33, 1, '2025', 0),
(629, 50, 1, '2025', 0),
(630, 51, 1, '2025', 0),
(631, 18, 1, '2025', 0),
(632, 11, 1, '2025', 0),
(633, 48, 1, '2025', 0),
(634, 1, 1, '2025', 0),
(635, 27, 1, '2025', 1321),
(636, 41, 1, '2025', 0),
(637, 5, 1, '2025', 0),
(638, 34, 2, '2025', 42500),
(639, 36, 2, '2025', 0),
(640, 31, 2, '2025', 0),
(641, 35, 2, '2025', 0),
(642, 30, 2, '2025', 0),
(643, 37, 2, '2025', 0),
(644, 16, 2, '2025', 69350),
(645, 10, 2, '2025', 30120),
(646, 23, 2, '2025', 53890),
(647, 22, 2, '2025', 23700),
(648, 13, 2, '2025', 0),
(649, 21, 2, '2025', 10000),
(650, 14, 2, '2025', 10000),
(651, 47, 2, '2025', 0),
(652, 44, 2, '2025', 0),
(653, 42, 2, '2025', 0),
(654, 38, 2, '2025', 4301),
(655, 15, 2, '2025', 700),
(656, 52, 2, '2025', 6000),
(657, 46, 2, '2025', 0),
(658, 17, 2, '2025', 0),
(659, 45, 2, '2025', 0),
(660, 40, 2, '2025', 0),
(661, 24, 2, '2025', 0),
(662, 50, 2, '2025', 0),
(663, 43, 2, '2025', 0),
(664, 2, 2, '2025', 0),
(665, 8, 2, '2025', 0),
(666, 9, 2, '2025', 0),
(667, 4, 2, '2025', 0),
(668, 19, 2, '2025', 0),
(669, 25, 2, '2025', 0),
(670, 7, 2, '2025', 0),
(671, 53, 2, '2025', 0),
(672, 26, 2, '2025', 0),
(673, 32, 2, '2025', 0),
(674, 20, 2, '2025', 0),
(675, 39, 2, '2025', 0),
(676, 3, 2, '2025', 0),
(677, 29, 2, '2025', 22000),
(678, 33, 2, '2025', 0),
(679, 50, 2, '2025', 0),
(680, 51, 2, '2025', 0),
(681, 18, 2, '2025', 0),
(682, 11, 2, '2025', 0),
(683, 48, 2, '2025', 0),
(684, 1, 2, '2025', 0),
(685, 27, 2, '2025', 1036),
(686, 41, 2, '2025', 0),
(687, 5, 2, '2025', 4000),
(688, 34, 3, '2025', 42919),
(689, 36, 3, '2025', 0),
(690, 31, 3, '2025', 0),
(691, 35, 3, '2025', 0),
(692, 30, 3, '2025', 0),
(693, 37, 3, '2025', 0),
(694, 16, 3, '2025', 94066),
(695, 10, 3, '2025', 49092),
(696, 23, 3, '2025', 52804),
(697, 22, 3, '2025', 14800),
(698, 13, 3, '2025', 4000),
(699, 21, 3, '2025', 5000),
(700, 14, 3, '2025', 0),
(701, 47, 3, '2025', 0),
(702, 44, 3, '2025', 0),
(703, 42, 3, '2025', 0),
(704, 38, 3, '2025', 12954),
(705, 15, 3, '2025', 2550),
(706, 52, 3, '2025', 2310),
(707, 46, 3, '2025', 0),
(708, 17, 3, '2025', 3002),
(709, 45, 3, '2025', 0),
(710, 40, 3, '2025', 0),
(711, 1, 3, '2025', 0),
(712, 5, 3, '2025', 0),
(713, 19, 3, '2025', 0),
(714, 26, 3, '2025', 0),
(715, 41, 3, '2025', 0),
(716, 24, 3, '2025', 0),
(717, 50, 3, '2025', 0),
(718, 43, 3, '2025', 0),
(719, 2, 3, '2025', 0),
(720, 8, 3, '2025', 0),
(721, 9, 3, '2025', 0),
(722, 4, 3, '2025', 0),
(723, 25, 3, '2025', 0),
(724, 7, 3, '2025', 0),
(725, 53, 3, '2025', 0),
(726, 32, 3, '2025', 0),
(727, 20, 3, '2025', 0),
(728, 39, 3, '2025', 0),
(729, 3, 3, '2025', 0),
(730, 29, 3, '2025', 0),
(731, 33, 3, '2025', 0),
(732, 50, 3, '2025', 0),
(733, 51, 3, '2025', 0),
(734, 18, 3, '2025', 0),
(735, 11, 3, '2025', 0),
(736, 6, 3, '2025', 0),
(737, 48, 3, '2025', 0),
(738, 28, 3, '2025', 3276),
(739, 34, 4, '2025', 0),
(740, 36, 4, '2025', 0),
(741, 31, 4, '2025', 0),
(742, 35, 4, '2025', 0),
(743, 30, 4, '2025', 0),
(744, 37, 4, '2025', 0),
(745, 16, 4, '2025', 52623),
(746, 10, 4, '2025', 34543),
(747, 23, 4, '2025', 23286),
(748, 22, 4, '2025', 11240),
(749, 13, 4, '2025', 0),
(750, 21, 4, '2025', 0),
(751, 14, 4, '2025', 0),
(752, 47, 4, '2025', 0),
(753, 44, 4, '2025', 0),
(754, 42, 4, '2025', 0),
(755, 38, 4, '2025', 8304),
(756, 15, 4, '2025', 2200),
(757, 52, 4, '2025', 20251),
(758, 46, 4, '2025', 0),
(759, 17, 4, '2025', 6350),
(760, 45, 4, '2025', 0),
(761, 40, 4, '2025', 0),
(762, 1, 4, '2025', 0),
(763, 5, 4, '2025', 0),
(764, 19, 4, '2025', 0),
(765, 26, 4, '2025', 0),
(766, 41, 4, '2025', 0),
(767, 24, 4, '2025', 0),
(768, 50, 4, '2025', 0),
(769, 43, 4, '2025', 0),
(770, 2, 4, '2025', 0),
(771, 8, 4, '2025', 0),
(772, 9, 4, '2025', 0),
(773, 4, 4, '2025', 0),
(774, 25, 4, '2025', 0),
(775, 7, 4, '2025', 0),
(776, 53, 4, '2025', 0),
(777, 32, 4, '2025', 0),
(778, 20, 4, '2025', 0),
(779, 39, 4, '2025', 0),
(780, 3, 4, '2025', 0),
(781, 29, 4, '2025', 0),
(782, 33, 4, '2025', 0),
(783, 50, 4, '2025', 0),
(784, 51, 4, '2025', 0),
(785, 18, 4, '2025', 0),
(786, 11, 4, '2025', 0),
(787, 6, 4, '2025', 0),
(788, 48, 4, '2025', 0),
(789, 28, 4, '2025', 4248),
(790, 34, 5, '2025', 3000),
(791, 36, 5, '2025', 0),
(792, 31, 5, '2025', 0),
(793, 35, 5, '2025', 0),
(794, 30, 5, '2025', 0),
(795, 37, 5, '2025', 0),
(796, 16, 5, '2025', 80353),
(797, 10, 5, '2025', 19051),
(798, 23, 5, '2025', 52500),
(799, 22, 5, '2025', 11900),
(800, 13, 5, '2025', 6000),
(801, 21, 5, '2025', 5000),
(802, 14, 5, '2025', 9000),
(803, 47, 5, '2025', 0),
(804, 44, 5, '2025', 0),
(805, 42, 5, '2025', 0),
(806, 38, 5, '2025', 10306),
(807, 15, 5, '2025', 2200),
(808, 52, 5, '2025', 11210),
(809, 46, 5, '2025', 0),
(810, 17, 5, '2025', 0),
(811, 45, 5, '2025', 0),
(812, 40, 5, '2025', 0),
(813, 1, 5, '2025', 0),
(814, 5, 5, '2025', 0),
(815, 19, 5, '2025', 0),
(816, 26, 5, '2025', 0),
(817, 41, 5, '2025', 0),
(818, 24, 5, '2025', 0),
(819, 50, 5, '2025', 0),
(820, 43, 5, '2025', 0),
(821, 2, 5, '2025', 0),
(822, 8, 5, '2025', 0),
(823, 9, 5, '2025', 0),
(824, 4, 5, '2025', 0),
(825, 25, 5, '2025', 0),
(826, 7, 5, '2025', 0),
(827, 53, 5, '2025', 0),
(828, 32, 5, '2025', 0),
(829, 20, 5, '2025', 1372),
(830, 39, 5, '2025', 0),
(831, 3, 5, '2025', 0),
(832, 29, 5, '2025', 1232),
(833, 33, 5, '2025', 0),
(834, 50, 5, '2025', 0),
(835, 51, 5, '2025', 0),
(836, 18, 5, '2025', 0),
(837, 11, 5, '2025', 0),
(838, 6, 5, '2025', 455),
(839, 48, 5, '2025', 0),
(840, 28, 5, '2025', 3244),
(841, 34, 6, '2025', 5200),
(842, 36, 6, '2025', 0),
(843, 31, 6, '2025', 0),
(844, 35, 6, '2025', 0),
(845, 30, 6, '2025', 0),
(846, 37, 6, '2025', 5075),
(847, 16, 6, '2025', 79442),
(848, 10, 6, '2025', 52483),
(849, 23, 6, '2025', 53797),
(850, 22, 6, '2025', 19051),
(851, 13, 6, '2025', 7000),
(852, 21, 6, '2025', 0),
(853, 14, 6, '2025', 13500),
(854, 47, 6, '2025', 0),
(855, 44, 6, '2025', 0),
(856, 42, 6, '2025', 0),
(857, 38, 6, '2025', 13502),
(858, 15, 6, '2025', 0),
(859, 52, 6, '2025', 13850),
(860, 46, 6, '2025', 0),
(861, 17, 6, '2025', 0),
(862, 45, 6, '2025', 0),
(863, 40, 6, '2025', 0),
(864, 1, 6, '2025', 0),
(865, 5, 6, '2025', 0),
(866, 19, 6, '2025', 0),
(867, 26, 6, '2025', 0),
(868, 41, 6, '2025', 0),
(869, 24, 6, '2025', 0),
(870, 50, 6, '2025', 0),
(871, 43, 6, '2025', 0),
(872, 2, 6, '2025', 0),
(873, 8, 6, '2025', 0),
(874, 9, 6, '2025', 0),
(875, 4, 6, '2025', 0),
(876, 25, 6, '2025', 0),
(877, 7, 6, '2025', 0),
(878, 53, 6, '2025', 0),
(879, 32, 6, '2025', 0),
(880, 20, 6, '2025', 0),
(881, 39, 6, '2025', 0),
(882, 3, 6, '2025', 0),
(883, 29, 6, '2025', 0),
(884, 33, 6, '2025', 0),
(885, 50, 6, '2025', 0),
(886, 51, 6, '2025', 1000),
(887, 18, 6, '2025', 0),
(888, 11, 6, '2025', 1054),
(889, 6, 6, '2025', 1000),
(890, 48, 6, '2025', 0),
(891, 28, 6, '2025', 3849),
(892, 34, 1, '2024', 67450);

-- --------------------------------------------------------

--
-- Table structure for table `users`
--

CREATE TABLE `users` (
  `id` bigint(20) UNSIGNED NOT NULL,
  `name` varchar(255) NOT NULL,
  `email` varchar(255) NOT NULL,
  `email_verified_at` timestamp NULL DEFAULT NULL,
  `password` varchar(255) NOT NULL,
  `remember_token` varchar(100) DEFAULT NULL,
  `created_at` timestamp NULL DEFAULT NULL,
  `updated_at` timestamp NULL DEFAULT NULL
) ENGINE=InnoDB DEFAULT CHARSET=utf8mb4 COLLATE=utf8mb4_unicode_ci;

--
-- Indexes for dumped tables
--

--
-- Indexes for table `akun`
--
ALTER TABLE `akun`
  ADD PRIMARY KEY (`id`),
  ADD UNIQUE KEY `akun_email_unique` (`email`);

--
-- Indexes for table `cache`
--
ALTER TABLE `cache`
  ADD PRIMARY KEY (`key`);

--
-- Indexes for table `cache_locks`
--
ALTER TABLE `cache_locks`
  ADD PRIMARY KEY (`key`);

--
-- Indexes for table `commodities_cc`
--
ALTER TABLE `commodities_cc`
  ADD PRIMARY KEY (`id`);

--
-- Indexes for table `commodity_productions_cc`
--
ALTER TABLE `commodity_productions_cc`
  ADD PRIMARY KEY (`id`),
  ADD KEY `commodity_productions_cc_commodity_id_foreign` (`commodity_id`);

--
-- Indexes for table `failed_jobs`
--
ALTER TABLE `failed_jobs`
  ADD PRIMARY KEY (`id`),
  ADD UNIQUE KEY `failed_jobs_uuid_unique` (`uuid`);

--
-- Indexes for table `jobs`
--
ALTER TABLE `jobs`
  ADD PRIMARY KEY (`id`),
  ADD KEY `jobs_queue_index` (`queue`);

--
-- Indexes for table `job_batches`
--
ALTER TABLE `job_batches`
  ADD PRIMARY KEY (`id`);

--
-- Indexes for table `migrations`
--
ALTER TABLE `migrations`
  ADD PRIMARY KEY (`id`);

--
-- Indexes for table `password_reset_tokens`
--
ALTER TABLE `password_reset_tokens`
  ADD PRIMARY KEY (`email`);

--
-- Indexes for table `sessions`
--
ALTER TABLE `sessions`
  ADD PRIMARY KEY (`id`),
  ADD KEY `sessions_user_id_index` (`user_id`),
  ADD KEY `sessions_last_activity_index` (`last_activity`);

--
-- Indexes for table `shippers_cc`
--
ALTER TABLE `shippers_cc`
  ADD PRIMARY KEY (`id`);

--
-- Indexes for table `shipper_productions_cc`
--
ALTER TABLE `shipper_productions_cc`
  ADD PRIMARY KEY (`id`),
  ADD KEY `shipper_productions_cc_shipper_id_foreign` (`shipper_id`);

--
-- Indexes for table `users`
--
ALTER TABLE `users`
  ADD PRIMARY KEY (`id`),
  ADD UNIQUE KEY `users_email_unique` (`email`);

--
-- AUTO_INCREMENT for dumped tables
--

--
-- AUTO_INCREMENT for table `akun`
--
ALTER TABLE `akun`
  MODIFY `id` bigint(20) UNSIGNED NOT NULL AUTO_INCREMENT, AUTO_INCREMENT=2;

--
-- AUTO_INCREMENT for table `commodities_cc`
--
ALTER TABLE `commodities_cc`
  MODIFY `id` bigint(20) UNSIGNED NOT NULL AUTO_INCREMENT, AUTO_INCREMENT=35;

--
-- AUTO_INCREMENT for table `commodity_productions_cc`
--
ALTER TABLE `commodity_productions_cc`
  MODIFY `id` bigint(20) UNSIGNED NOT NULL AUTO_INCREMENT, AUTO_INCREMENT=358;

--
-- AUTO_INCREMENT for table `failed_jobs`
--
ALTER TABLE `failed_jobs`
  MODIFY `id` bigint(20) UNSIGNED NOT NULL AUTO_INCREMENT;

--
-- AUTO_INCREMENT for table `jobs`
--
ALTER TABLE `jobs`
  MODIFY `id` bigint(20) UNSIGNED NOT NULL AUTO_INCREMENT;

--
-- AUTO_INCREMENT for table `migrations`
--
ALTER TABLE `migrations`
  MODIFY `id` int(10) UNSIGNED NOT NULL AUTO_INCREMENT, AUTO_INCREMENT=9;

--
-- AUTO_INCREMENT for table `shippers_cc`
--
ALTER TABLE `shippers_cc`
  MODIFY `id` bigint(20) UNSIGNED NOT NULL AUTO_INCREMENT, AUTO_INCREMENT=64;

--
-- AUTO_INCREMENT for table `shipper_productions_cc`
--
ALTER TABLE `shipper_productions_cc`
  MODIFY `id` bigint(20) UNSIGNED NOT NULL AUTO_INCREMENT, AUTO_INCREMENT=1736;

--
-- AUTO_INCREMENT for table `users`
--
ALTER TABLE `users`
  MODIFY `id` bigint(20) UNSIGNED NOT NULL AUTO_INCREMENT;

--
-- Constraints for dumped tables
--

--
-- Constraints for table `commodity_productions_cc`
--
ALTER TABLE `commodity_productions_cc`
  ADD CONSTRAINT `commodity_productions_cc_commodity_id_foreign` FOREIGN KEY (`commodity_id`) REFERENCES `commodities_cc` (`id`) ON DELETE CASCADE;

--
-- Constraints for table `shipper_productions_cc`
--
ALTER TABLE `shipper_productions_cc`
  ADD CONSTRAINT `shipper_productions_cc_shipper_id_foreign` FOREIGN KEY (`shipper_id`) REFERENCES `shippers_cc` (`id`) ON DELETE CASCADE;
COMMIT;

/*!40101 SET CHARACTER_SET_CLIENT=@OLD_CHARACTER_SET_CLIENT */;
/*!40101 SET CHARACTER_SET_RESULTS=@OLD_CHARACTER_SET_RESULTS */;
/*!40101 SET COLLATION_CONNECTION=@OLD_COLLATION_CONNECTION */;
